field,group,model,n,n_bonafide,n_spoof,eer,far,frr,fp,fn
speaker,LA_0019,AASIST3,1784,146,1638,31.62644053055012,0.21428571428571427,0.5068493150684932,351,74
speaker,LA_0012,LFCC+LCNN,1784,146,1638,29.805392476625347,0.1581196581196581,0.5958904109589042,259,87
speaker,LA_0008,LFCC+LCNN,1784,146,1638,29.622242293475164,0.40964590964590963,0.07534246575342465,671,11
speaker,LA_0019,LFCC+LCNN,1784,146,1638,28.94400120427518,0.36813186813186816,0.11643835616438356,603,17
speaker,LA_0027,AASIST3,1784,146,1638,28.143659992975063,0.257020757020757,0.2945205479452055,421,43
speaker,LA_0003,AASIST3,1004,68,936,25.267094017094017,0.08547008547008547,0.7352941176470589,80,50
speaker,LA_0041,LFCC+LCNN,1784,146,1638,25.125445330924784,0.06654456654456654,0.7876712328767124,109,115
speaker,LA_0026,AASIST3,1784,146,1638,24.691404485925034,0.336996336996337,0.15753424657534246,552,23
speaker,LA_0007,AASIST3,1004,68,936,23.516842634489695,0.07585470085470085,0.5735294117647058,71,39
speaker,LA_0030,LFCC+LCNN,1004,68,936,23.46342383107089,0.10042735042735043,0.5882352941176471,94,40
speaker,LA_0004,LFCC+LCNN,1784,146,1638,23.304397277000017,0.3131868131868132,0.0821917808219178,513,12
speaker,LA_0033,AASIST3,1784,146,1638,23.243347215949957,0.18315018315018314,0.3150684931506849,300,46
speaker,LA_0026,LFCC+LCNN,1784,146,1638,23.212822185424926,0.42002442002442003,0.00684931506849315,688,1
speaker,LA_0006,AASIST3,1784,146,1638,22.748256309900146,0.18986568986568986,0.3356164383561644,311,49
speaker,LA_0009,LFCC+LCNN,1784,146,1638,22.687206248850085,0.07264957264957266,0.7397260273972602,119,108
speaker,LA_0039,AASIST3,1784,146,1638,22.656681218325055,0.231990231990232,0.2191780821917808,380,32
speaker,LA_0014,AASIST3,1784,146,1638,22.504056065699903,0.3052503052503053,0.1643835616438356,500,24
speaker,LA_0031,AASIST3,1784,146,1638,22.443006004649842,0.2765567765567766,0.19863013698630136,453,29
speaker,LA_0003,LFCC+LCNN,1004,68,936,22.407616892911008,0.297008547008547,0.04411764705882353,278,3
speaker,LA_0011,AASIST3,1004,68,936,22.2473604826546,0.07799145299145299,0.5882352941176471,73,40
speaker,LA_0012,AASIST3,1784,146,1638,22.07001522070015,0.16056166056166057,0.2808219178082192,263,41
speaker,LA_0014,LFCC+LCNN,1784,146,1638,21.947915098600028,0.24297924297924298,0.14383561643835616,398,21
speaker,LA_0010,LFCC+LCNN,1784,146,1638,21.300199039925065,0.1385836385836386,0.4383561643835616,227,64
speaker,LA_0042,AASIST3,1784,146,1638,21.117048856774883,0.27533577533577536,0.14383561643835616,451,21
speaker,LA_0035,AASIST3,1784,146,1638,20.99494873467476,0.21245421245421245,0.21232876712328766,348,31
speaker,LA_0016,AASIST3,1784,146,1638,20.957733286500414,0.2557997557997558,0.17123287671232876,419,25
speaker,LA_0015,AASIST3,1004,68,936,20.603946706887886,0.050213675213675216,0.6470588235294118,47,44
speaker,LA_0036,AASIST3,1004,68,936,20.55052790346908,0.10790598290598291,0.3235294117647059,101,22
speaker,LA_0037,AASIST3,1784,146,1638,20.499857828624954,0.22405372405372406,0.1780821917808219,367,26
speaker,LA_0028,AASIST3,1004,68,936,20.497109100050277,0.1047008547008547,0.36764705882352944,98,25
speaker,LA_0008,AASIST3,1784,146,1638,19.913191831000052,0.231990231990232,0.15753424657534246,380,23
speaker,LA_0002,AASIST3,1004,68,936,19.38788335847159,0.09722222222222222,0.4264705882352941,91,29
speaker,LA_0040,AASIST3,1004,68,936,19.33446455505279,0.10790598290598291,0.36764705882352944,101,25
speaker,LA_0043,LFCC+LCNN,1784,146,1638,19.204425711275025,0.10989010989010989,0.4178082191780822,180,61
speaker,LA_0037,LFCC+LCNN,1784,146,1638,19.173900680749995,0.19474969474969475,0.1917808219178082,319,28
speaker,LA_0015,LFCC+LCNN,1004,68,936,18.907114127702364,0.25747863247863245,0.029411764705882353,241,2
speaker,LA_0038,AASIST3,1004,68,936,18.85369532428356,0.0673076923076923,0.5588235294117647,63,38
speaker,LA_0033,LFCC+LCNN,1784,146,1638,18.648284744175154,0.13797313797313798,0.363013698630137,226,53
speaker,LA_0045,AASIST3,1784,146,1638,18.648284744175154,0.2264957264957265,0.136986301369863,371,20
speaker,LA_0025,AASIST3,1004,68,936,18.640020110608347,0.1014957264957265,0.25,95,17
speaker,LA_0027,LFCC+LCNN,1784,146,1638,18.49565959155,0.2802197802197802,0.02054794520547945,459,3
speaker,LA_0029,LFCC+LCNN,1784,146,1638,18.49565959155,0.33760683760683763,0.02054794520547945,553,3
speaker,LA_0045,LFCC+LCNN,1784,146,1638,17.90230317627578,0.2905982905982906,0.0547945205479452,476,8
speaker,LA_0048,AASIST3,1004,68,936,17.85130718954249,0.09829059829059829,0.3382352941176471,92,23
speaker,LA_0004,AASIST3,1784,146,1638,17.817418502350012,0.2216117216117216,0.136986301369863,363,20
speaker,LA_0002,LFCC+LCNN,1004,68,936,17.584213172448468,0.08653846153846154,0.6323529411764706,81,43
speaker,LA_0032,AASIST3,1004,68,936,17.47737556561086,0.13675213675213677,0.27941176470588236,128,19
speaker,LA_0040,LFCC+LCNN,1004,68,936,17.47737556561086,0.21474358974358973,0.07352941176470588,201,5
speaker,LA_0042,LFCC+LCNN,1784,146,1638,16.986552260524864,0.2576312576312576,0.04794520547945205,422,7
speaker,LA_0017,LFCC+LCNN,1784,146,1638,16.83392710789971,0.10500610500610501,0.4315068493150685,172,63
speaker,LA_0006,LFCC+LCNN,1784,146,1638,16.55251141552511,0.2576312576312576,0.0136986301369863,422,2
speaker,LA_0001,LFCC+LCNN,1004,68,936,16.47498743086978,0.05982905982905983,0.4852941176470588,56,33
speaker,LA_0010,AASIST3,1784,146,1638,16.46093632395002,0.29120879120879123,0.06164383561643835,477,9
speaker,LA_0043,AASIST3,1784,146,1638,16.46093632395002,0.32783882783882784,0.0684931506849315,537,10
speaker,LA_0016,LFCC+LCNN,1784,146,1638,16.399886262899958,0.08547008547008547,0.4246575342465753,140,62
speaker,LA_0029,AASIST3,1784,146,1638,16.399886262899958,0.2692307692307692,0.0684931506849315,441,10
speaker,LA_0031,LFCC+LCNN,1784,146,1638,16.369361232374928,0.16788766788766787,0.14383561643835616,275,21
speaker,LA_0047,AASIST3,1784,146,1638,16.247261110274806,0.33455433455433453,0.0410958904109589,548,6
speaker,LA_0020,LFCC+LCNN,1784,146,1638,16.155686018699715,0.18864468864468864,0.0684931506849315,309,10
speaker,LA_0021,AASIST3,1004,68,936,16.15447461035696,0.09401709401709402,0.3088235294117647,88,21
speaker,LA_0023,LFCC+LCNN,1004,68,936,16.10105580693816,0.06196581196581197,0.4411764705882353,58,30
speaker,LA_0039,LFCC+LCNN,1784,146,1638,15.843745295800089,0.2612942612942613,0.0273972602739726,428,4
speaker,LA_0032,LFCC+LCNN,1004,68,936,15.833961789844142,0.24786324786324787,0.029411764705882353,232,2
speaker,LA_0024,LFCC+LCNN,1784,146,1638,15.630070082124876,0.2509157509157509,0.0136986301369863,411,2
speaker,LA_0011,LFCC+LCNN,1004,68,936,15.62028657616893,0.20512820512820512,0.029411764705882353,192,2
speaker,LA_0021,LFCC+LCNN,1004,68,936,15.152086475615889,0.1517094017094017,0.19117647058823528,142,13
speaker,LA_0013,LFCC+LCNN,1004,68,936,15.098667672197086,0.13995726495726496,0.14705882352941177,131,10
speaker,LA_0007,LFCC+LCNN,1004,68,936,15.045248868778282,0.1623931623931624,0.11764705882352941,152,8
speaker,LA_0023,AASIST3,1004,68,936,15.045248868778282,0.0876068376068376,0.22058823529411764,82,15
speaker,LA_0030,AASIST3,1004,68,936,15.045248868778282,0.06837606837606838,0.3088235294117647,64,21
speaker,LA_0046,LFCC+LCNN,1004,68,936,14.884992458521873,0.20192307692307693,0.08823529411764706,189,6
speaker,LA_0034,LFCC+LCNN,1784,146,1638,14.860253901349797,0.25213675213675213,0.0136986301369863,413,2
speaker,LA_0018,LFCC+LCNN,1004,68,936,14.83157365510307,0.1752136752136752,0.10294117647058823,164,7
speaker,LA_0028,LFCC+LCNN,1004,68,936,14.67131724484666,0.14316239316239315,0.17647058823529413,134,12
speaker,LA_0047,LFCC+LCNN,1784,146,1638,14.639888270025258,0.1514041514041514,0.14383561643835616,248,21
speaker,LA_0024,AASIST3,1784,146,1638,14.548313178450167,0.3498168498168498,0.0136986301369863,573,2
speaker,LA_0009,AASIST3,1784,146,1638,14.517788147925136,0.24297924297924298,0.07534246575342465,398,11
speaker,LA_0044,LFCC+LCNN,1004,68,936,14.350804424333838,0.16346153846153846,0.04411764705882353,153,3
speaker,LA_0046,AASIST3,1004,68,936,13.829185520361989,0.08653846153846154,0.16176470588235295,81,11
speaker,LA_0036,LFCC+LCNN,1004,68,936,13.66892911010558,0.04487179487179487,0.4264705882352941,42,29
speaker,LA_0035,LFCC+LCNN,1784,146,1638,13.625871845049925,0.14407814407814407,0.11643835616438356,236,17
speaker,LA_0018,AASIST3,1004,68,936,13.455253896430367,0.09401709401709402,0.19117647058823528,88,13
speaker,LA_0038,LFCC+LCNN,1004,68,936,13.40183509301156,0.06196581196581197,0.8823529411764706,58,60
speaker,LA_0038,AASIST-L,1004,68,936,13.294997486173955,0.07371794871794872,0.17647058823529413,69,12
speaker,LA_0034,AASIST3,1784,146,1638,13.252881061100236,0.27045177045177043,0.0410958904109589,443,6
speaker,LA_0001,AASIST3,1004,68,936,13.134741075917544,0.12072649572649573,0.14705882352941177,113,10
speaker,LA_0002,AASIST,1004,68,936,12.974484665661134,0.06623931623931624,0.20588235294117646,62,14
speaker,LA_0038,AASIST,1004,68,936,12.974484665661134,0.045940170940170943,0.29411764705882354,43,20
speaker,LA_0041,AASIST3,1784,146,1638,12.269389666649943,0.36385836385836384,0.00684931506849315,596,1
speaker,LA_0022,AASIST3,1784,146,1638,12.08623948349976,0.21794871794871795,0.04794520547945205,357,7
speaker,LA_0020,AASIST3,1784,146,1638,11.591148577449948,0.23809523809523808,0.03424657534246575,390,5
speaker,LA_0048,LFCC+LCNN,1004,68,936,11.384489693313224,0.1485042735042735,0.058823529411764705,139,4
speaker,LA_0025,LFCC+LCNN,1004,68,936,11.170814479638011,0.11538461538461539,0.07352941176470588,108,5
speaker,LA_0044,AASIST3,1004,68,936,10.649195575666162,0.1282051282051282,0.07352941176470588,120,5
speaker,LA_0042,AASIST-L,1784,146,1638,10.356766521150082,0.1043956043956044,0.1095890410958904,171,16
speaker,LA_0005,LFCC+LCNN,1004,68,936,10.275263951734539,0.12072649572649573,0.08823529411764706,113,6
speaker,LA_0017,AASIST3,1784,146,1638,10.112566276949837,0.2612942612942613,0.0410958904109589,428,6
speaker,LA_0032,AASIST-L,1004,68,936,10.061588738059324,0.07051282051282051,0.14705882352941177,66,10
speaker,LA_0002,AASIST-L,1004,68,936,10.00816993464052,0.09188034188034189,0.14705882352941177,86,10
speaker,LA_0022,LFCC+LCNN,1784,146,1638,9.648000401425062,0.18986568986568986,0.0,311,0
speaker,LA_0041,AASIST-L,1784,146,1638,9.281700035124697,0.08180708180708181,0.14383561643835616,134,21
speaker,LA_0040,AASIST-L,1004,68,936,9.059200603318251,0.021367521367521368,0.2647058823529412,20,18
speaker,LA_0013,AASIST3,1004,68,936,8.898944193061842,0.09081196581196581,0.08823529411764706,85,6
speaker,LA_0005,AASIST3,1004,68,936,8.631850175967823,0.13568376068376067,0.07352941176470588,127,5
speaker,LA_0030,AASIST-L,1004,68,936,7.629462041226745,0.09935897435897435,0.058823529411764705,93,4
speaker,LA_0004,AASIST-L,1784,146,1638,7.613277133825077,0.050061050061050064,0.1095890410958904,82,16
speaker,LA_0030,AASIST,1004,68,936,7.576043237807942,0.029914529914529916,0.22058823529411764,28,15
speaker,LA_0042,AASIST,1784,146,1638,7.5522270727750165,0.038461538461538464,0.14383561643835616,63,21
speaker,LA_0019,AASIST-L,1784,146,1638,7.521702042249986,0.051892551892551896,0.10273972602739725,85,15
speaker,LA_0039,AASIST-L,1784,146,1638,7.491177011724956,0.0989010989010989,0.04794520547945205,162,7
speaker,LA_0013,AASIST-L,1004,68,936,7.469205630970335,0.060897435897435896,0.11764705882352941,57,8
speaker,LA_0032,AASIST,1004,68,936,7.469205630970335,0.02564102564102564,0.14705882352941177,24,10
speaker,LA_0016,AASIST-L,1784,146,1638,7.430126950674895,0.07264957264957266,0.0821917808219178,119,12
speaker,LA_0044,AASIST-L,1004,68,936,7.041855203619907,0.05555555555555555,0.11764705882352941,52,8
speaker,LA_0021,AASIST-L,1004,68,936,6.881598793363497,0.0641025641025641,0.07352941176470588,60,5
speaker,LA_0012,AASIST-L,1784,146,1638,6.873985983575028,0.020757020757020756,0.2808219178082192,34,41
speaker,LA_0026,AASIST-L,1784,146,1638,6.721360830949874,0.09523809523809523,0.03424657534246575,156,5
speaker,LA_0007,AASIST-L,1004,68,936,6.3599798893916555,0.09188034188034189,0.029411764705882353,86,2
speaker,LA_0009,AASIST-L,1784,146,1638,6.348370047000184,0.07020757020757021,0.0547945205479452,115,8
speaker,LA_0037,AASIST-L,1784,146,1638,6.317845016475154,0.01221001221001221,0.3082191780821918,20,45
speaker,LA_0023,AASIST-L,1004,68,936,6.146304675716441,0.12072649572649573,0.014705882352941176,113,1
speaker,LA_0004,AASIST,1784,146,1638,6.0736447722749105,0.07936507936507936,0.0273972602739726,130,4
speaker,LA_0031,AASIST-L,1784,146,1638,6.04311974174988,0.10744810744810745,0.02054794520547945,176,3
speaker,LA_0017,AASIST-L,1784,146,1638,5.951544650174788,0.07875457875457875,0.0410958904109589,129,6
speaker,LA_0005,AASIST-L,1004,68,936,5.932629462041228,0.06196581196581197,0.058823529411764705,58,4
speaker,LA_0001,AASIST-L,1004,68,936,5.879210658622424,0.07371794871794872,0.04411764705882353,69,3
speaker,LA_0048,AASIST-L,1004,68,936,5.772373051784816,0.07585470085470085,0.014705882352941176,71,1
speaker,LA_0040,AASIST,1004,68,936,5.66553544494721,0.01282051282051282,0.14705882352941177,12,10
speaker,LA_0033,AASIST-L,1784,146,1638,5.63960392727516,0.0695970695970696,0.0547945205479452,114,8
speaker,LA_0016,AASIST,1784,146,1638,5.578553866225098,0.08058608058608059,0.03424657534246575,132,5
speaker,LA_0027,AASIST-L,1784,146,1638,5.517503805175037,0.06837606837606838,0.0410958904109589,112,6
speaker,LA_0014,AASIST-L,1784,146,1638,5.425928713599946,0.07203907203907203,0.0410958904109589,118,6
speaker,LA_0039,AASIST,1784,146,1638,5.364878652549885,0.056776556776556776,0.0410958904109589,93,6
speaker,LA_0010,AASIST-L,1784,146,1638,4.6866375633498905,0.04212454212454213,0.04794520547945205,69,7
speaker,LA_0033,AASIST,1784,146,1638,4.62558750229983,0.08608058608058608,0.0136986301369863,141,2
speaker,LA_0028,AASIST-L,1004,68,936,4.609728506787328,0.07799145299145299,0.014705882352941176,73,1
speaker,LA_0019,AASIST,1784,146,1638,4.503487380199708,0.05555555555555555,0.03424657534246575,91,5
speaker,LA_0018,AASIST-L,1004,68,936,4.396053293112114,0.05876068376068376,0.029411764705882353,55,2
speaker,LA_0003,AASIST-L,1004,68,936,4.342634489693311,0.07264957264957266,0.0,68,0
speaker,LA_0012,AASIST,1784,146,1638,4.252596718350146,0.027472527472527472,0.1095890410958904,45,16
speaker,LA_0041,AASIST,1784,146,1638,4.222071687825115,0.031135531135531136,0.0684931506849315,51,10
speaker,LA_0008,AASIST-L,1784,146,1638,4.191546657300084,0.07997557997557997,0.0273972602739726,131,4
speaker,LA_0020,AASIST-L,1784,146,1638,4.191546657300084,0.03235653235653236,0.07534246575342465,53,11
speaker,LA_0043,AASIST-L,1784,146,1638,4.099971565724993,0.06593406593406594,0.00684931506849315,108,1
speaker,LA_0047,AASIST-L,1784,146,1638,4.099971565724993,0.08302808302808302,0.0136986301369863,136,2
speaker,LA_0028,AASIST,1004,68,936,4.075540472599294,0.0405982905982906,0.014705882352941176,38,1
speaker,LA_0001,AASIST,1004,68,936,3.968702865761687,0.05876068376068376,0.029411764705882353,55,2
speaker,LA_0009,AASIST,1784,146,1638,3.9473464130998406,0.04395604395604396,0.03424657534246575,72,5
speaker,LA_0017,AASIST,1784,146,1638,3.9473464130998406,0.040293040293040296,0.02054794520547945,66,3
speaker,LA_0011,AASIST-L,1004,68,936,3.70160884866767,0.11004273504273504,0.0,103,0
speaker,LA_0026,AASIST,1784,146,1638,3.543830598625121,0.0347985347985348,0.0410958904109589,57,6
speaker,LA_0006,AASIST-L,1784,146,1638,3.51330556810009,0.05067155067155067,0.00684931506849315,83,1
speaker,LA_0008,AASIST,1784,146,1638,3.452255507050029,0.06654456654456654,0.0273972602739726,109,4
speaker,LA_0031,AASIST,1784,146,1638,3.4217304765249987,0.05982905982905983,0.00684931506849315,98,1
speaker,LA_0021,AASIST,1004,68,936,3.340246354952238,0.026709401709401708,0.029411764705882353,25,2
speaker,LA_0029,AASIST-L,1784,146,1638,3.299630354424876,0.06105006105006105,0.0,100,0
speaker,LA_0048,AASIST,1004,68,936,3.2868275515334346,0.04487179487179487,0.029411764705882353,42,2
speaker,LA_0023,AASIST,1004,68,936,3.1799899446958277,0.057692307692307696,0.014705882352941176,54,1
speaker,LA_0013,AASIST,1004,68,936,3.1265711412770236,0.03739316239316239,0.029411764705882353,35,2
speaker,LA_0046,AASIST-L,1004,68,936,3.1265711412770236,0.053418803418803416,0.014705882352941176,50,1
speaker,LA_0034,AASIST-L,1784,146,1638,3.0859551407496624,0.045787545787545784,0.0136986301369863,75,2
speaker,LA_0015,AASIST-L,1004,68,936,3.0731523378582204,0.05128205128205128,0.014705882352941176,48,1
speaker,LA_0025,AASIST-L,1004,68,936,3.0731523378582204,0.053418803418803416,0.0,50,0
speaker,LA_0027,AASIST,1784,146,1638,3.048739692575309,0.031135531135531136,0.0410958904109589,51,6
speaker,LA_0007,AASIST,1004,68,936,2.9128959276018103,0.050213675213675216,0.0,47,0
speaker,LA_0045,AASIST-L,1784,146,1638,2.865589509425126,0.08302808302808302,0.0,136,0
speaker,LA_0014,AASIST,1784,146,1638,2.8045394483750643,0.06288156288156288,0.00684931506849315,103,1
speaker,LA_0020,AASIST,1784,146,1638,2.8045394483750643,0.030525030525030524,0.0273972602739726,50,4
speaker,LA_0024,AASIST-L,1784,146,1638,2.8045394483750643,0.050061050061050064,0.02054794520547945,82,3
speaker,LA_0037,AASIST,1784,146,1638,2.774014417850034,0.014041514041514042,0.0821917808219178,23,12
speaker,LA_0005,AASIST,1004,68,936,2.7526395173454,0.03952991452991453,0.0,37,0
speaker,LA_0035,AASIST,1784,146,1638,2.712964356799973,0.05555555555555555,0.0,91,0
speaker,LA_0034,AASIST,1784,146,1638,2.651914295749912,0.06654456654456654,0.00684931506849315,109,1
speaker,LA_0044,AASIST,1004,68,936,2.6458019105077932,0.030982905982905984,0.014705882352941176,29,1
speaker,LA_0002,XLS-R+AASIST,1004,68,936,2.59238310708899,0.018162393162393164,0.04411764705882353,17,3
speaker,LA_0047,AASIST,1784,146,1638,2.590864234699851,0.047619047619047616,0.0,78,0
speaker,LA_0022,AASIST-L,1784,146,1638,2.5603392041748205,0.0231990231990232,0.03424657534246575,38,5
speaker,LA_0035,AASIST-L,1784,146,1638,2.3399735728502837,0.0873015873015873,0.00684931506849315,143,1
speaker,LA_0026,XLS-R+AASIST,1784,146,1638,2.0652482981250087,0.008547008547008548,0.02054794520547945,14,3
speaker,LA_0022,AASIST,1784,146,1638,1.9126231454998563,0.013431013431013432,0.0273972602739726,22,4
speaker,LA_0036,AASIST-L,1004,68,936,1.8570889894419282,0.08653846153846154,0.0,81,0
speaker,LA_0015,AASIST,1004,68,936,1.8036701860231246,0.035256410256410256,0.014705882352941176,33,1
speaker,LA_0025,AASIST,1004,68,936,1.8036701860231246,0.022435897435897436,0.014705882352941176,21,1
speaker,LA_0033,XLS-R+AASIST,1784,146,1638,1.7294729623496732,0.018925518925518924,0.0,31,0
speaker,LA_0033,XLS-R+Nes2Net,1784,146,1638,1.6617324836502947,0.009157509157509158,0.0136986301369863,15,2
speaker,LA_0005,XLS-R+AASIST,1004,68,936,1.6434137757667147,0.005341880341880342,0.014705882352941176,5,1
speaker,LA_0048,XLS-R+AASIST,1004,68,936,1.6434137757667147,0.018162393162393164,0.0,17,0
speaker,LA_0018,AASIST,1004,68,936,1.589994972347911,0.041666666666666664,0.014705882352941176,39,1
speaker,LA_0046,AASIST,1004,68,936,1.589994972347911,0.0405982905982906,0.0,38,0
speaker,LA_0009,XLS-R+AASIST,1784,146,1638,1.5396323615501726,0.0115995115995116,0.0136986301369863,19,2
speaker,LA_0043,AASIST,1784,146,1638,1.5396323615501726,0.056776556776556776,0.0,93,0
speaker,LA_0002,XLS-R+Nes2Net,1004,68,936,1.5365761689291073,0.0010683760683760685,0.058823529411764705,1,4
speaker,LA_0011,AASIST,1004,68,936,1.483157365510304,0.04807692307692308,0.0,45,0
speaker,LA_0003,XLS-R+AASIST,1004,68,936,1.3763197586726972,0.007478632478632479,0.014705882352941176,7,1
speaker,LA_0013,XLS-R+AASIST,1004,68,936,1.3763197586726972,0.016025641025641024,0.014705882352941176,15,1
speaker,LA_0046,XLS-R+AASIST,1004,68,936,1.3763197586726972,0.013888888888888888,0.0,13,0
speaker,LA_0004,XLS-R+AASIST,1784,146,1638,1.3564821783999894,0.016483516483516484,0.00684931506849315,27,1
speaker,LA_0024,AASIST,1784,146,1638,1.3259571478749588,0.04945054945054945,0.0,81,0
speaker,LA_0030,XLS-R+AASIST,1004,68,936,1.3229009552538937,0.0,0.029411764705882353,0,2
speaker,LA_0001,XLS-R+AASIST,1004,68,936,1.2694821518350905,0.007478632478632479,0.029411764705882353,7,2
speaker,LA_0007,XLS-R+AASIST,1004,68,936,1.2694821518350905,0.016025641025641024,0.0,15,0
speaker,LA_0023,XLS-R+AASIST,1004,68,936,1.2694821518350905,0.009615384615384616,0.014705882352941176,9,1
speaker,LA_0028,XLS-R+AASIST,1004,68,936,1.2694821518350905,0.016025641025641024,0.0,15,0
speaker,LA_0010,AASIST,1784,146,1638,1.2343820562998673,0.0347985347985348,0.00684931506849315,57,1
speaker,LA_0031,XLS-R+AASIST,1784,146,1638,1.2343820562998673,0.018925518925518924,0.0,31,0
speaker,LA_0045,AASIST,1784,146,1638,1.2343820562998673,0.07020757020757021,0.0,115,0
speaker,LA_0003,AASIST,1004,68,936,1.216063348416287,0.04700854700854701,0.0,44,0
speaker,LA_0044,XLS-R+AASIST,1004,68,936,1.216063348416287,0.011752136752136752,0.0,11,0
speaker,LA_0022,XLS-R+AASIST,1784,146,1638,1.1122819341997452,0.0030525030525030525,0.0136986301369863,5,2
speaker,LA_0032,XLS-R+AASIST,1004,68,936,1.1092257415786801,0.005341880341880342,0.029411764705882353,5,2
speaker,LA_0036,AASIST,1004,68,936,1.1092257415786801,0.03418803418803419,0.0,32,0
speaker,LA_0038,XLS-R+AASIST,1004,68,936,1.1092257415786801,0.003205128205128205,0.11764705882352941,3,8
speaker,LA_0039,XLS-R+AASIST,1784,146,1638,1.0817569036747146,0.013431013431013432,0.0136986301369863,22,2
speaker,LA_0041,XLS-R+Nes2Net,1784,146,1638,1.0817569036747146,0.008547008547008548,0.0,14,0
speaker,LA_0042,XLS-R+AASIST,1784,146,1638,1.0817569036747146,0.001221001221001221,0.0410958904109589,2,6
speaker,LA_0006,AASIST,1784,146,1638,0.9529663639252693,0.03907203907203907,0.0,64,0
speaker,LA_0047,XLS-R+AASIST,1784,146,1638,0.8919163028752085,0.020757020757020756,0.0,34,0
speaker,LA_0016,XLS-R+AASIST,1784,146,1638,0.868081689999501,0.020757020757020756,0.0136986301369863,34,2
speaker,LA_0006,XLS-R+AASIST,1784,146,1638,0.8308662418251473,0.010378510378510378,0.00684931506849315,17,1
speaker,LA_0029,AASIST,1784,146,1638,0.8003412113001169,0.040903540903540904,0.00684931506849315,67,1
speaker,LA_0041,XLS-R+AASIST,1784,146,1638,0.8003412113001169,0.019536019536019536,0.0,32,0
speaker,LA_0045,XLS-R+AASIST,1784,146,1638,0.8003412113001169,0.019536019536019536,0.0,32,0
speaker,LA_0004,XLS-R+Nes2Net,1784,146,1638,0.7698161807750863,0.006105006105006105,0.0136986301369863,10,2
speaker,LA_0034,XLS-R+AASIST,1784,146,1638,0.7392911502500557,0.007936507936507936,0.00684931506849315,13,1
speaker,LA_0043,XLS-R+AASIST,1784,146,1638,0.7392911502500557,0.006715506715506716,0.0136986301369863,11,2
speaker,LA_0010,XLS-R+Nes2Net,1784,146,1638,0.7087661197250252,0.004273504273504274,0.00684931506849315,7,1
speaker,LA_0014,XLS-R+Nes2Net,1784,146,1638,0.7087661197250252,0.004273504273504274,0.00684931506849315,7,1
speaker,LA_0017,XLS-R+AASIST,1784,146,1638,0.7087661197250252,0.017094017094017096,0.0,28,0
speaker,LA_0012,XLS-R+AASIST,1784,146,1638,0.6782410891999947,0.0018315018315018315,0.0410958904109589,3,6
speaker,LA_0035,XLS-R+AASIST,1784,146,1638,0.6782410891999947,0.022588522588522588,0.0,37,0
speaker,LA_0010,XLS-R+AASIST,1784,146,1638,0.6477160586749641,0.019536019536019536,0.0,32,0
speaker,LA_0027,XLS-R+AASIST,1784,146,1638,0.6477160586749641,0.0115995115995116,0.0,19,0
speaker,LA_0029,XLS-R+AASIST,1784,146,1638,0.6171910281499337,0.006715506715506716,0.0,11,0
speaker,LA_0037,XLS-R+AASIST,1784,146,1638,0.6171910281499337,0.018315018315018316,0.0,30,0
speaker,LA_0020,XLS-R+AASIST,1784,146,1638,0.5866659976249031,0.007326007326007326,0.00684931506849315,12,1
speaker,LA_0008,XLS-R+AASIST,1784,146,1638,0.5256159365748421,0.01221001221001221,0.00684931506849315,20,1
speaker,LA_0014,XLS-R+AASIST,1784,146,1638,0.4340408449997505,0.009157509157509158,0.00684931506849315,15,1
speaker,LA_0008,XLS-R+Nes2Net,1784,146,1638,0.37299078394968943,0.009768009768009768,0.00684931506849315,16,1
speaker,LA_0040,XLS-R+AASIST,1004,68,936,0.3205128205128205,0.005341880341880342,0.014705882352941176,5,1
speaker,LA_0025,XLS-R+AASIST,1004,68,936,0.2670940170940171,0.005341880341880342,0.0,5,0
speaker,LA_0018,XLS-R+AASIST,1004,68,936,0.2136752136752137,0.014957264957264958,0.0,14,0
speaker,LA_0036,XLS-R+AASIST,1004,68,936,0.2136752136752137,0.009615384615384616,0.0,9,0
speaker,LA_0038,XLS-R+Nes2Net,1004,68,936,0.2136752136752137,0.002136752136752137,0.16176470588235295,2,11
speaker,LA_0015,XLS-R+AASIST,1004,68,936,0.16025641025641024,0.01282051282051282,0.0,12,0
speaker,LA_0018,XLS-R+Nes2Net,1004,68,936,0.16025641025641024,0.009615384615384616,0.0,9,0
speaker,LA_0044,XLS-R+Nes2Net,1004,68,936,0.16025641025641024,0.0010683760683760685,0.014705882352941176,1,1
speaker,LA_0009,XLS-R+Nes2Net,1784,146,1638,0.15262515262515264,0.01221001221001221,0.0,20,0
speaker,LA_0024,XLS-R+AASIST,1784,146,1638,0.15262515262515264,0.006105006105006105,0.0,10,0
speaker,LA_0011,XLS-R+Nes2Net,1004,68,936,0.10683760683760685,0.00641025641025641,0.0,6,0
speaker,LA_0013,XLS-R+Nes2Net,1004,68,936,0.10683760683760685,0.003205128205128205,0.0,3,0
speaker,LA_0012,XLS-R+Nes2Net,1784,146,1638,0.06105006105006105,0.0,0.00684931506849315,0,1
speaker,LA_0016,XLS-R+Nes2Net,1784,146,1638,0.06105006105006105,0.007326007326007326,0.0,12,0
speaker,LA_0035,XLS-R+Nes2Net,1784,146,1638,0.06105006105006105,0.0115995115995116,0.0,19,0
speaker,LA_0039,XLS-R+Nes2Net,1784,146,1638,0.06105006105006105,0.002442002442002442,0.0,4,0
speaker,LA_0001,XLS-R+Nes2Net,1004,68,936,0.05341880341880342,0.0010683760683760685,0.0,1,0
speaker,LA_0005,XLS-R+Nes2Net,1004,68,936,0.05341880341880342,0.010683760683760684,0.0,10,0
speaker,LA_0011,XLS-R+AASIST,1004,68,936,0.05341880341880342,0.010683760683760684,0.0,10,0
speaker,LA_0021,XLS-R+AASIST,1004,68,936,0.05341880341880342,0.0010683760683760685,0.0,1,0
speaker,LA_0023,XLS-R+Nes2Net,1004,68,936,0.05341880341880342,0.0010683760683760685,0.0,1,0
speaker,LA_0030,XLS-R+Nes2Net,1004,68,936,0.05341880341880342,0.0010683760683760685,0.0,1,0
speaker,LA_0032,XLS-R+Nes2Net,1004,68,936,0.05341880341880342,0.0010683760683760685,0.0,1,0
speaker,LA_0040,XLS-R+Nes2Net,1004,68,936,0.05341880341880342,0.0010683760683760685,0.0,1,0
speaker,LA_0046,XLS-R+Nes2Net,1004,68,936,0.05341880341880342,0.007478632478632479,0.0,7,0
speaker,LA_0019,XLS-R+AASIST,1784,146,1638,0.030525030525030524,0.008547008547008548,0.0,14,0
speaker,LA_0020,XLS-R+Nes2Net,1784,146,1638,0.030525030525030524,0.002442002442002442,0.0,4,0
speaker,LA_0024,XLS-R+Nes2Net,1784,146,1638,0.030525030525030524,0.004273504273504274,0.0,7,0
speaker,LA_0026,XLS-R+Nes2Net,1784,146,1638,0.030525030525030524,0.004273504273504274,0.0,7,0
speaker,LA_0027,XLS-R+Nes2Net,1784,146,1638,0.030525030525030524,0.004884004884004884,0.0,8,0
speaker,LA_0031,XLS-R+Nes2Net,1784,146,1638,0.030525030525030524,0.008547008547008548,0.0,14,0
speaker,LA_0043,XLS-R+Nes2Net,1784,146,1638,0.030525030525030524,0.001221001221001221,0.0,2,0
speaker,LA_0006,XLS-R+Nes2Net,1784,146,1638,0.0,0.0018315018315018315,0.0,3,0
speaker,LA_0017,XLS-R+Nes2Net,1784,146,1638,0.0,0.004884004884004884,0.0,8,0
speaker,LA_0019,XLS-R+Nes2Net,1784,146,1638,0.0,0.002442002442002442,0.0,4,0
speaker,LA_0022,XLS-R+Nes2Net,1784,146,1638,0.0,0.0006105006105006105,0.0,1,0
speaker,LA_0029,XLS-R+Nes2Net,1784,146,1638,0.0,0.0018315018315018315,0.0,3,0
speaker,LA_0034,XLS-R+Nes2Net,1784,146,1638,0.0,0.005494505494505495,0.0,9,0
speaker,LA_0037,XLS-R+Nes2Net,1784,146,1638,0.0,0.003663003663003663,0.0,6,0
speaker,LA_0042,XLS-R+Nes2Net,1784,146,1638,0.0,0.0,0.0,0,0
speaker,LA_0045,XLS-R+Nes2Net,1784,146,1638,0.0,0.006715506715506716,0.0,11,0
speaker,LA_0047,XLS-R+Nes2Net,1784,146,1638,0.0,0.002442002442002442,0.0,4,0
speaker,LA_0003,XLS-R+Nes2Net,1004,68,936,0.0,0.0,0.0,0,0
speaker,LA_0007,XLS-R+Nes2Net,1004,68,936,0.0,0.003205128205128205,0.0,3,0
speaker,LA_0015,XLS-R+Nes2Net,1004,68,936,0.0,0.008547008547008548,0.0,8,0
speaker,LA_0021,XLS-R+Nes2Net,1004,68,936,0.0,0.0,0.0,0,0
speaker,LA_0025,XLS-R+Nes2Net,1004,68,936,0.0,0.003205128205128205,0.0,3,0
speaker,LA_0028,XLS-R+Nes2Net,1004,68,936,0.0,0.007478632478632479,0.0,7,0
speaker,LA_0036,XLS-R+Nes2Net,1004,68,936,0.0,0.002136752136752137,0.0,2,0
speaker,LA_0048,XLS-R+Nes2Net,1004,68,936,0.0,0.005341880341880342,0.0,5,0
